id,company,name_changed,year_name_changed,address,zipcode,state,date_founded,date_closed,company_type,source,longitude,latitude,lat-long
1   Stanford Linear Accelerator (SLAC),Stanford Linear Accelerator (SLAC),,,"2575 Sandhill Rd, Stanford, CA",,California,,,,,-122.215869,37.4203504,"37.4203504, -122.215869"
2   Zoecon Rhone Poulec,Zoecon Rhone Poulec,,,"East Palo Alto, Palo Alto, CA",,California,,,,,-122.11776865472,37.4636056082448,"37.4636056082448, -122.11776865472"
3   Romic Chemical Corp.,Romic Chemical Corp.,,,"2081 Bay Rd, Palo Alto, CA",,California,,,,,,,
4a  Varian Associates,Varian Associates,,,"601 California Ave, Palo Alto, CA",,California,,,,,-122.1430031,37.4285379,"37.4285379, -122.1430031"
4b  Cal-Mac (bankrupt),Cal-Mac (bankrupt),,,"175 Weeks St, Palo Alto, CA",,California,,,,,,,
5   Dura Bond,Dura Bond,,,"3201 Ash St, Palo Alto, CA",,California,,,,,-122.136709003212,37.422597,"37.422597, -122.136709003212"
6   Stanford Cleaners,Stanford Cleaners,,,"2875 El Camino Real, Palo Alto, CA",,California,,,,,-122.140859915145,37.422987,"37.422987, -122.140859915145"
7   Hewlett-Packard,Hewlett-Packard,,,"3180 Hanover St, Palo Alto, CA",,California,,,,,-122.1464616,37.4141881,"37.4141881, -122.1464616"
8   Aydin Corporation,Aydin Corporation,,,"3180 Hanover St, Palo Alto, CA",,California,,,,,-122.1464616,37.4141881,"37.4141881, -122.1464616"
9   Hewlett-Packard,Hewlett-Packard,,,"640 Page Mill Rd, Palo Alto, CA",,California,,,,,-122.1456088,37.4218863,"37.4218863, -122.1456088"
10  Eastman Kodac Co.,Eastman Kodac Co.,,,"925 Page Mill Rd, Palo Alto, CA",,California,,,,,-122.143423293266,37.4187805,"37.4187805, -122.143423293266"
11  Teledyne MEC,Teledyne MEC,,,"3176 Porter Dr, Palo Alto, CA",,California,,,,,-122.149362060561,37.4070955,"37.4070955, -122.149362060561"
12  Hillview-Porter (Watkins Johnson Well) ,Hillview-Porter (Watkins Johnson Well) ,,,"3333 Hillview Dr, Palo Alto, CA",,California,,,,,,,
13  Hewlett-Packard ,Hewlett-Packard ,,,"1501 Page Mill Rd, Palo Alto, CA",,California,,,,,-122.147832338048,37.41202695,"37.41202695, -122.147832338048"
14  Hewlett-Packard ,Hewlett-Packard ,,,"3500 Deer Creek Rd, Palo Alto, CA",,California,,,,,-122.150143471946,37.3946435,"37.3946435, -122.150143471946"
15  Fairchild Semi-Conductor Corp.,Fairchild Semi-Conductor Corp.,,,"4001 Miranda Ave, Palo Alto, CA",,California,,,,,-122.1305947,37.3946145,"37.3946145, -122.1305947"
16  Hillview Eleanor Plume,Hillview Eleanor Plume,,,"Hillview and Eleanor Intersection, Los Altos, CA",,California,,,,,,,
17  CTS Printex Inc.,CTS Printex Inc.,,,1950 Colony St  ,,California,,,,,-122.088975018765,37.4158386083038,"37.4158386083038, -122.088975018765"
18  Spectra Physics,Spectra Physics,,,1250 W. Middlefield Rd  ,,California,,,,,-122.080381695478,37.4073353462486,"37.4073353462486, -122.080381695478"
19  Jasco Chemical Corp.,Jasco Chemical Corp.,,,1090 Terra Bella Ave  ,,California,,,,,-122.075217222222,37.408532,"37.408532, -122.075217222222"
20  Teledyne Semiconductor,Teledyne Semiconductor,,,1300 Terra Bella Ave  ,,California,,,,,-122.079999778809,37.4095218917574,"37.4095218917574, -122.079999778809"
21  Jasco Chemical Corp.,Jasco Chemical Corp.,,,"1710 Villa St, Mountain View, CA",,California,,,,,-122.089500411605,37.3980853059665,"37.3980853059665, -122.089500411605"
22  Moffett Naval Air Station  ,Moffett Naval Air Station  ,,,"158 Cody Rd, Mountain View, CA",,California,,,,,,,
23  Fairchild Semiconductor Corp.,Fairchild Semiconductor Corp.,,,"464 Ellis St, Mountain View, CA",,California,,,,,-122.052383387666,37.3999973546245,"37.3999973546245, -122.052383387666"
24  NEC Electronics,NEC Electronics,,,"501 Ellis St, Mountain View, CA",,California,,,,,-122.051983055367,37.4011407785331,"37.4011407785331, -122.051983055367"
25  Intel,Intel,,,"365 E. Middlefield Rd, Mountain View, CA",,California,,,,,-122.059598357664,37.3970896642336,"37.3970896642336, -122.059598357664"
26  Raytheon Co.,Raytheon Co.,,,"350 Ellis St, Mountain View, CA",,California,,,,,-122.05345359047,37.397094409359,"37.397094409359, -122.05345359047"
27  Hewlett-Packard,Hewlett-Packard,,,"333 Logue Ave, Mountain View, CA",,California,,,,,-122.050869351983,37.3950585889097,"37.3950585889097, -122.050869351983"
28  Siltec,Siltec,,,"405 National Ave, Mountain View, CA",,California,,,,,-122.0540173,37.4023661,"37.4023661, -122.0540173"
29  Circo Inc.,Circo Inc.,,,"940 Hamlin Ct, Sunnyvale, CA",,California,,,,,-122.029754050461,37.4006049732311,"37.4006049732311, -122.029754050461"
30  ESL Inc.,ESL Inc.,,,"425 Tasman Ave, Sunnyvale, CA",,California,,,,,,,
31  Interail (GE),Interail (GE),,,"1276 Hammerwood Ave, Sunnyvale, CA",,California,,,,,-121.9904768,37.4063525,"37.4063525, -121.9904768"
,Sony Technology Center Inc,,,1003 Elwell Court,94303,California,,,,Rich's Complete Guide to Silicon Valley,-122.104,37.431,"37.431, -122.104"
,McDonnell Douglas Elect. Corp.,,,1057 Meadow Circle,94303,California,,,,Rich's Complete Guide to Silicon Valley,-122.109,37.431,"37.431, -122.109"
,Sony Technology Center Inc,,,1003 Elwell Court,94303,California,,,,Rich's Complete Guide to Silicon Valley,-122.104051,37.431571,"37.431571, -122.104051"
,McDonnell Douglas Elect. Corp.,,,1057 E. Meadow Circle,94303,California,,,,Rich's Complete Guide to Silicon Valley,-122.109471,37.431188,"37.431188, -122.109471"
,Corning A.C.I.,,,490 San Antonio Road,94303,California,,,,Rich's Complete Guide to Silicon Valley,-122.104899,37.413212,"37.413212, -122.104899"
,Coherent Inc.,,,3270 W. Bayshore Road,94303,California,,,,Rich's Complete Guide to Silicon Valley,-122.112178,37.438142,"37.438142, -122.112178"
,Eastman Kodak Co.,,,925 Page Mill Rd.,94304,California,,,,Rich's Complete Guide to Silicon Valley,-122.144927,37.419496,"37.419496, -122.144927"
,Beckman Instruments Inc.,,,950 Page Mill Rd.,94304,California,,,,Rich's Complete Guide to Silicon Valley,-122.144941,37.419734,"37.419734, -122.144941"
,Preformed Line Products Co.,,,600 Hansen Way,94306,California,,,,Rich's Complete Guide to Silicon Valley,-122.138372,37.420489,"37.420489, -122.138372"
,Varian Associates,,,601 California Ave.,94304,California,,,,Rich's Complete Guide to Silicon Valley,-122.146674,37.424066,"37.424066, -122.146674"
,Hewlett Packard,,,395 Page Mill Rd.,94304,California,,,,Rich's Complete Guide to Silicon Valley,-122.13973,37.425661,"37.425661, -122.13973"
,Hewlett Packard,,,640 Page Mill Rd.,94304,California,,,,Rich's Complete Guide to Silicon Valley,-122.143546,37.421408,"37.421408, -122.143546"
,Hewlett Packard,,,901 California Ave.,94301,California,,,,Rich's Complete Guide to Silicon Valley,-122.131391,37.442744,"37.442744, -122.131391"
,Syva Co.,,,900 Hansen Way,94306,California,,,,Rich's Complete Guide to Silicon Valley,-122.140259,37.418192,"37.418192, -122.140259"
,Aydin Energy Division,,,3180 Hanover St.,94304,California,,,,Rich's Complete Guide to Silicon Valley,-122.143352,37.415343,"37.415343, -122.143352"
,Hewlett Packard,,,1501 Page Mill Rd.,94304,California,,,,Rich's Complete Guide to Silicon Valley,-122.149615,37.413842,"37.413842, -122.149615"
,Hewlett Packard,,,3000 Hanover St.,94304,California,,,,Rich's Complete Guide to Silicon Valley,-122.144814,37.416111,"37.416111, -122.144814"
,Hewlett Packard,,,1601 California Ave.,94306,California,,,,Rich's Complete Guide to Silicon Valley,-122.152583,37.416988,"37.416988, -122.152583"
,TAB Products,,,1451 California Ave.,94306,California,,,,Rich's Complete Guide to Silicon Valley,-122.151616,37.418106,"37.418106, -122.151616"
,Xerox P.A.R.C.,,,2500 Hanover St.,94304,California,,,,Rich's Complete Guide to Silicon Valley,-122.14963,37.418602,"37.418602, -122.14963"
,IBM Corp.,,,1550 Page Mill Rd.,94304,California,,,,Rich's Complete Guide to Silicon Valley,-122.14921,37.414567,"37.414567, -122.14921"
,IBM Corp.,,,1501 California Ave.,94306,California,,,,Rich's Complete Guide to Silicon Valley,-122.151977,37.417686,"37.417686, -122.151977"
,Lockheed-Laboratory,,,3251 Hanover St.,94304,California,,,,Rich's Complete Guide to Silicon Valley,-122.14481,37.411911,"37.411911, -122.14481"
,Power Designs Pacifics Inc.,,,3381 Miranda Ave.,94304,California,,,,Rich's Complete Guide to Silicon Valley,-122.146485,37.404744,"37.404744, -122.146485"
,General Instrument Corp,,,3400 Hillview Ave.,94304,California,,,,Rich's Complete Guide to Silicon Valley,-122.146002,37.403466,"37.403466, -122.146002"
,Fairchild,,,3440 Hillview Ave.,94304,California,,,,Rich's Complete Guide to Silicon Valley,-122.143956,37.397349,"37.397349, -122.143956"
,Fairchild,,,4001 Miranda Ave.,94304,California,,,,Rich's Complete Guide to Silicon Valley,-122.139755,37.401638,"37.401638, -122.139755"
,Hewlett Packard,,,3495 Deer Creek Rd.,94304,California,,,,Rich's Complete Guide to Silicon Valley,-122.151332,37.396082,"37.396082, -122.151332"
,Hewlett Packard,,,3500 Deer Creek Rd.,94304,California,,,,Rich's Complete Guide to Silicon Valley,-122.151621,37.39617,"37.39617, -122.151621"
,Xerox P.A.R.C.,,,3333 Coyote Hill Rd.,94304,California,,,,Rich's Complete Guide to Silicon Valley,-122.150382,37.40226,"37.40226, -122.150382"
,Perkin-Elmer,,,2288 Charleston Rd.,94043,California,,,,Rich's Complete Guide to Silicon Valley,-122.095233,37.421481,"37.421481, -122.095233"
,Bell Industries‚Ä¶sion Metalcraft,,,2637 Marine Way,94043,California,,,,Rich's Complete Guide to Silicon Valley,-122.098136,37.428882,"37.428882, -122.098136"
,Bell Industries,,,2599 Garcia Ave.,94043,California,,,,Rich's Complete Guide to Silicon Valley,-122.094604,37.426447,"37.426447, -122.094604"
,Syntex Corp.,,,2375 Charleston Rd.,94043,California,,,,Rich's Complete Guide to Silicon Valley,-122.096541,37.421556,"37.421556, -122.096541"
,G.T.E. Fibre Optics,,,1395 Charleston Rd.,94043,California,,,,Rich's Complete Guide to Silicon Valley,-122.077096,37.420443,"37.420443, -122.077096"
,Syva,,,1390 Shorebird Way,94043,California,,,,Rich's Complete Guide to Silicon Valley,-122.076944,37.418518,"37.418518, -122.076944"
,Shigma Inc.,,,1400 Stierlin Rd.,94043,California,,,,Rich's Complete Guide to Silicon Valley,-122.078119,37.40955,"37.40955, -122.078119"
,T.R.W./Vidar Corp.,,,77 Ortega Ave.,94040,California,,,,Rich's Complete Guide to Silicon Valley,-122.102613,37.403712,"37.403712, -122.102613"
,Ask Computer Systems Inc.,,,730 Distel Dr.,94022,California,,,,Rich's Complete Guide to Silicon Valley,-122.104203,37.394985,"37.394985, -122.104203"
,Spectra Physics Inc,,,1250 W. Middlefield Rd.,94043,California,,,,Rich's Complete Guide to Silicon Valley,-122.079298,37.406946,"37.406946, -122.079298"
,Teledyne Semiconductor,,,1300 Terra Bella Ave,94043,California,,,,Rich's Complete Guide to Silicon Valley,-122.080064,37.409456,"37.409456, -122.080064"
,Abbott Labs,,,1212 Terra Bella Ave,94043,California,,,,Rich's Complete Guide to Silicon Valley,-122.07898,37.408556,"37.408556, -122.07898"
,Fairchild Camera & Instru.,,,465 National Ave.,94043,California,,,,Rich's Complete Guide to Silicon Valley,-122.053348,37.401324,"37.401324, -122.053348"
,Siltec Corp.,,,405 National Ave.,94043,California,,,,Rich's Complete Guide to Silicon Valley,-122.052194,37.40109,"37.40109, -122.052194"
,Aydin Systems Div. Mfg.,,,640 Clyde Ct.,94043,California,,,,Rich's Complete Guide to Silicon Valley,-122.049289,37.400633,"37.400633, -122.049289"
,Antekna Inc.,,,625 Clyde Ct.,94043,California,,,,Rich's Complete Guide to Silicon Valley,-122.047279,37.400697,"37.400697, -122.047279"
,Raytheon,,,350 Ellis St.,94042,California,,,,Rich's Complete Guide to Silicon Valley,-122.07431,37.38802,"37.38802, -122.07431"
,Raytheon,,,415 E. Middlefield Rd.,94043,California,,,,Rich's Complete Guide to Silicon Valley,-122.056092,37.396411,"37.396411, -122.056092"
,Electronic Arrays Inc.,,,555 Ellis St.,94043,California,,,,Rich's Complete Guide to Silicon Valley,-122.05161,37.401636,"37.401636, -122.05161"
,G.T.E. Sylvania,,,685 E. Middlefield Rd.,94043,California,,,,Rich's Complete Guide to Silicon Valley,-122.051413,37.394029,"37.394029, -122.051413"
,G.T.E. Sylvania,,,100 Ferguson Dr.,94043,California,,,,Rich's Complete Guide to Silicon Valley,-122.057415,37.388228,"37.388228, -122.057415"
,B.N.R. Inc.,,,685 E. Middlefield Rd.,94042,California,,,,Rich's Complete Guide to Silicon Valley,-122.07431,37.38802,"37.38802, -122.07431"
,Hewlett Packard Parts,,,333 Logue Ave,94042,California,,,,Rich's Complete Guide to Silicon Valley,-122.07431,37.38802,"37.38802, -122.07431"
,Becton Dickinson Elect. Labs,,,506 Clyde Ave,94043,California,,,,Rich's Complete Guide to Silicon Valley,-122.046995,37.398432,"37.398432, -122.046995"
,Seiko Circuits Inc.,,,415 Clyde Ave,94043,California,,,,Rich's Complete Guide to Silicon Valley,-122.047132,37.39645,"37.39645, -122.047132"
,Wavetek,,,875 Maude Ave,94043,California,,,,Rich's Complete Guide to Silicon Valley,-122.048206,37.39597,"37.39597, -122.048206"
,Consolidated Micrographics,,,303 Ravendale Dr.,94043,California,,,,Rich's Complete Guide to Silicon Valley,-122.054595,37.388996,"37.388996, -122.054595"
,Varian Associates,,,380 Bernardo Ave,94043,California,,,,Rich's Complete Guide to Silicon Valley,-122.050654,37.388785,"37.388785, -122.050654"
,Perkin-Elmer,,,411 Clyde Ave,94043,California,,,,Rich's Complete Guide to Silicon Valley,-122.047161,37.396365,"37.396365, -122.047161"
,Spectra Physics Inc,,,575 E. Middlefield Rd.,94043,California,,,,Rich's Complete Guide to Silicon Valley,-122.052164,37.394789,"37.394789, -122.052164"
,Intel Corp.,,,1302 N. Mathilda Ave.,94086,California,,,,Rich's Complete Guide to Silicon Valley,-122.025061,37.414585,"37.414585, -122.025061"
,Intel Corp.,,,376 Caribbean Dr.,94086,California,,,,Rich's Complete Guide to Silicon Valley,-122.009773,37.415849,"37.415849, -122.009773"
,Intel Corp.,,,1350 Bordeaux Dr.,94086,California,,,,Rich's Complete Guide to Silicon Valley,-122.02164,37.41534,"37.41534, -122.02164"
,Apple Computer,,,1335 Bordeaux Dr.,94086,California,,,,Rich's Complete Guide to Silicon Valley,-122.021526,37.414713,"37.414713, -122.021526"
,Apple Computer,,,232 Java Dr.,94086,California,,,,Rich's Complete Guide to Silicon Valley,-122.016605,37.411236,"37.411236, -122.016605"
,Diasonics,,,1235 Bordeaux Dr.,94086,California,,,,Rich's Complete Guide to Silicon Valley,-122.022819,37.410801,"37.410801, -122.022819"
,Control Data Corp.,,,1330 Orleans Dr.,94086,California,,,,Rich's Complete Guide to Silicon Valley,-122.006847,37.411006,"37.411006, -122.006847"
,Atari Inc.,,,1272 Borregas Ave,94086,California,,,,Rich's Complete Guide to Silicon Valley,-122.018385,37.410451,"37.410451, -122.018385"
,Atari Inc.,,,155 Moffett Park Dr.,94086,California,,,,Rich's Complete Guide to Silicon Valley,-122.023328,37.404068,"37.404068, -122.023328"
,Atari Inc.,,,1183 Bordeaux Dr.,94086,California,,,,Rich's Complete Guide to Silicon Valley,-122.0236,37.408356,"37.408356, -122.0236"
,Atari Inc.,,,1320 Bordeaux Dr.,94086,California,,,,Rich's Complete Guide to Silicon Valley,-122.021686,37.414143,"37.414143, -122.021686"
,Atari Inc.,,,390 Caribbean Dr.,94086,California,,,,Rich's Complete Guide to Silicon Valley,-122.009314,37.41576,"37.41576, -122.009314"
,Atari Inc.,,,1340 Bordeaux Dr.,94086,California,,,,Rich's Complete Guide to Silicon Valley,-122.021492,37.414956,"37.414956, -122.021492"
,Atari Inc.,,,1383 Borregas Ave.,94086,California,,,,Rich's Complete Guide to Silicon Valley,-122.016557,37.416064,"37.416064, -122.016557"
,Atari Inc.,,,275 Gibraltar Dr.,94086,California,,,,Rich's Complete Guide to Silicon Valley,-122.016363,37.409773,"37.409773, -122.016363"
,Atari Inc.,,,1399 Moffett Park Dr.,94086,California,,,,Rich's Complete Guide to Silicon Valley,-122.00064,37.41183,"37.41183, -122.00064"
,Varian Associates,,,220 Humboldt Ct.,94086,California,,,,Rich's Complete Guide to Silicon Valley,-122.018385,37.408159,"37.408159, -122.018385"
,Calma Company,,,225 Humboldt Ct.,94086,California,,,,Rich's Complete Guide to Silicon Valley,-122.01828,37.408155,"37.408155, -122.01828"
,Calma Company,,,213 Gibraltar,94086,California,,,,Rich's Complete Guide to Silicon Valley,-122.018021,37.41013,"37.41013, -122.018021"
,RGM Sys.,,,1250 Borregas Ave.,94086,California,,,,Rich's Complete Guide to Silicon Valley,-122.018874,37.40903,"37.40903, -122.018874"
,National Advanced Systems,,,140 Caribbean Dr.,94086,California,,,,Rich's Complete Guide to Silicon Valley,-122.017877,37.417186,"37.417186, -122.017877"
,Ford Aerospace ‚Ä¶mp; Comm. Corp.,,,1260 Crossman Ave.,94086,California,,,,Rich's Complete Guide to Silicon Valley,-122.010381,37.410339,"37.410339, -122.010381"
,IBM Corp.,,,1299 Orleans Ave.,94086,California,,,,Rich's Complete Guide to Silicon Valley,-122.023851,37.371042,"37.371042, -122.023851"
,General Elec. Co./Space Div.,,,1277 Orleans Dr.,94086,California,,,,Rich's Complete Guide to Silicon Valley,-122.00728,37.409789,"37.409789, -122.00728"
,Honeywell Comm. Div.,,,1130 Mt. View-Alviso Rd.,94086,California,,,,Rich's Complete Guide to Silicon Valley,-122.023851,37.371042,"37.371042, -122.023851"
,Gould -- S.E.L. Computer Sys.,,,1289 Anvilwood Ave.,94086,California,,,,Rich's Complete Guide to Silicon Valley,-121.993788,37.408698,"37.408698, -121.993788"
,Interdesign Inc./Ferranti,,,1255 Reamwood Ave.,94086,California,,,,Rich's Complete Guide to Silicon Valley,-121.988545,37.405668,"37.405668, -121.988545"
,Intersil Inc.,,,1273 Hammerwood Ave.,94086,California,,,,Rich's Complete Guide to Silicon Valley,-121.990412,37.407927,"37.407927, -121.990412"
,Solectron Corp.,,,1286 Lawrence Stat. Rd.,94086,California,,,,Rich's Complete Guide to Silicon Valley,-121.996054,37.367105,"37.367105, -121.996054"
,Atari Inc.,,,1285 Forgewood Ave.,94086,California,,,,Rich's Complete Guide to Silicon Valley,-121.992,37.409528,"37.409528, -121.992"
,ACUREX CORP .,,,485 CLYDE AVE.,94086,California,,,,Rich's Complete Guide to Silicon Valley,-122.046995,37.397956,"37.397956, -122.046995"
,APPLIED TECH/ITEK,,,525 ALMANOR AVE.,94086,California,,,,Rich's Complete Guide to Silicon Valley,-122.028853,37.396377,"37.396377, -122.028853"
,GENERAL TECHNOLOGY CORP.,,,1028 W. MAUDE AVE.,94086,California,,,,Rich's Complete Guide to Silicon Valley,-122.043315,37.393885,"37.393885, -122.043315"
,SYSTEM DEVELOPMENT CORP .,,,500 MACARA AVE.,94086,California,,,,Rich's Complete Guide to Silicon Valley,-122.04183,37.393589,"37.393589, -122.04183"
,CANDELA ELECTRONICS,,,550 DEL REY,94086,California,,,,Rich's Complete Guide to Silicon Valley,-122.023851,37.371042,"37.371042, -122.023851"
,CALIF. MICROWAVE INC.,,,760 N. MARY AVE.,94086,California,,,,Rich's Complete Guide to Silicon Valley,-122.035797,37.396597,"37.396597, -122.035797"
,ADDINGTON PROCESSING LAB,,,680 W. MAUDE AVE.,94086,California,,,,Rich's Complete Guide to Silicon Valley,-122.033495,37.390654,"37.390654, -122.033495"
,NATIONAL SEMICONDCUTOR,,,675 ALMANOR AVE .,94086,California,,,,Rich's Complete Guide to Silicon Valley,-122.032891,37.397703,"37.397703, -122.032891"
,FERIX,,,611 VAQUEROS AVE.,94086,California,,,,Rich's Complete Guide to Silicon Valley,-122.032129,37.39326,"37.39326, -122.032129"
,DATAPOINT PERIP‚Ä¶AL PRODUCT INC.,,,810 W. MAUDE AVE .,94086,California,,,,Rich's Complete Guide to Silicon Valley,-122.034615,37.391009,"37.391009, -122.034615"
,AMPEX CORP.,,,728 SAN ALESO AVE .,94086,California,,,,Rich's Complete Guide to Silicon Valley,-122.026872,37.396359,"37.396359, -122.026872"
,AMPEX CORP.,,,465 W. MAUDE AVE.,94086,California,,,,Rich's Complete Guide to Silicon Valley,-122.03144,37.389991,"37.389991, -122.03144"
,AMPEX CORP .,,,814 SAN ALESO DR.,94086,California,,,,Rich's Complete Guide to Silicon Valley,-122.023851,37.371042,"37.371042, -122.023851"
,VEECO/MACRONETICS INC.,,,585 N. MARY AVE.,94086,California,,,,Rich's Complete Guide to Silicon Valley,-122.03705,37.393009,"37.393009, -122.03705"
,SEIKO CIRCUITS INC.,,,415 CLYDE AVE .,94086,California,,,,Rich's Complete Guide to Silicon Valley,-122.047132,37.39645,"37.39645, -122.047132"
,LYNCH CIRCUITS INC.,,,41588 W. EVELYN AVE.,94086,California,,,,Rich's Complete Guide to Silicon Valley,-122.052359,37.38557,"37.38557, -122.052359"
,VERBATIM CORP.,,,675 PALOMAR AVE.,94086,California,,,,Rich's Complete Guide to Silicon Valley,-122.034531,37.395045,"37.395045, -122.034531"
,RACAL-VADIC INC.,,,785 N. MARY AVE .,94086,California,,,,Rich's Complete Guide to Silicon Valley,-122.035577,37.397359,"37.397359, -122.035577"
,SIGNETICS CORP.,,,305 N. MATHILDA AVE.,94086,California,,,,Rich's Complete Guide to Silicon Valley,-122.031798,37.385089,"37.385089, -122.031798"
,GCA IC SYSTEMS,,,720 PALOMAR AVE .,94086,California,,,,Rich's Complete Guide to Silicon Valley,-122.034233,37.395885,"37.395885, -122.034233"
,SIGNETICS CORP.,,,450 N. WOLFE RD.,94086,California,,,,Rich's Complete Guide to Silicon Valley,-122.013567,37.383525,"37.383525, -122.013567"
,SIGNETICS CORP.,,,860 KIFER RD.,94086,California,,,,Rich's Complete Guide to Silicon Valley,-122.010624,37.374593,"37.374593, -122.010624"
,SIGNETICS CORP.,,,830 STEWART DR.,94086,California,,,,Rich's Complete Guide to Silicon Valley,-122.010732,37.383979,"37.383979, -122.010732"
,SIGNETICS CORP.,,,897 DE GUIGNE DR.,94086,California,,,,Rich's Complete Guide to Silicon Valley,-122.007161,37.385487,"37.385487, -122.007161"
,SIGNETICS CORP.,,,897 STEWART DR.,94086,California,,,,Rich's Complete Guide to Silicon Valley,-122.006398,37.383951,"37.383951, -122.006398"
,SIGNETICS CORP.,,,730 E. EVELYN AVE.,94086,California,,,,Rich's Complete Guide to Silicon Valley,-122.016596,37.371681,"37.371681, -122.016596"
,TANDEM COMPUTERS INC.,,,1366 SANTA ANA CT.,94086,California,,,,Rich's Complete Guide to Silicon Valley,-122.023851,37.371042,"37.371042, -122.023851"
,TANDEM COMPUTERS INC.,,,245 SANTA ANA CT.,94086,California,,,,Rich's Complete Guide to Silicon Valley,-122.010541,37.379708,"37.379708, -122.010541"
,INMAC,,,130 S. WOLFE RD.,94086,California,,,,Rich's Complete Guide to Silicon Valley,-122.012022,37.370447,"37.370447, -122.012022"
,CPS INC.,,,110 WOLFE RD .,94086,California,,,,Rich's Complete Guide to Silicon Valley,-122.013809,37.375565,"37.375565, -122.013809"
,POLY MOLD TOOL & ENGR.,,,193 COMMERCIAL ST.,94086,California,,,,Rich's Complete Guide to Silicon Valley,-122.008472,37.376027,"37.376027, -122.008472"
,GENERAL ELECTRIC CO.,,,310 DE GUIGNE DR.,94086,California,,,,Rich's Complete Guide to Silicon Valley,-122.007233,37.381184,"37.381184, -122.007233"
,HEWLETT PACKARD-DTD,,,974 E. ARQUES AVE.,94086,California,,,,Rich's Complete Guide to Silicon Valley,-122.004718,37.380738,"37.380738, -122.004718"
,ADVANCED MICRO DEVICES INC.,,,898 STEWART DR.,94086,California,,,,Rich's Complete Guide to Silicon Valley,-122.006408,37.383935,"37.383935, -122.006408"
,ADVANCED MICRO DEVICES INC.,,,9 15 DE GUIGNE DR .,94086,California,,,,Rich's Complete Guide to Silicon Valley,-122.023851,37.371042,"37.371042, -122.023851"
,AERTECH INDUSTRIES,,,970 STEWART DR .,94086,California,,,,Rich's Complete Guide to Silicon Valley,-122.002998,37.383925,"37.383925, -122.002998"
,AERTECH INDUSTRIES,,,455 DE GUIGNE DR.,94086,California,,,,Rich's Complete Guide to Silicon Valley,-122.007206,37.383245,"37.383245, -122.007206"
,GTE PRODUCTS,,,1180 KERN AVE.,94086,California,,,,Rich's Complete Guide to Silicon Valley,-121.997474,37.382579,"37.382579, -121.997474"
,SINGER CO. / LINK DIV.,,,1077 E . ARQUES AVE.,94086,California,,,,Rich's Complete Guide to Silicon Valley,-122.002266,37.380513,"37.380513, -122.002266"
,T.R.W. SYSTEMS,,,11-1 5 E. ARQUES AVE.,94086,California,,,,Rich's Complete Guide to Silicon Valley,-122.023851,37.371042,"37.371042, -122.023851"
,MONOLITHIC MEMORIES,,,1165 ARQUES AVE.,94086,California,,,,Rich's Complete Guide to Silicon Valley,-121.997864,37.380498,"37.380498, -121.997864"
,CHEMICAL SYS.,,,1050 E. ARQUES AVE.,94086,California,,,,Rich's Complete Guide to Silicon Valley,-122.000417,37.380482,"37.380482, -122.000417"
,NATIONAL SEMICONDCUTOR,,,1125 KIFER RD .,94086,California,,,,Rich's Complete Guide to Silicon Valley,-121.999847,37.373904,"37.373904, -121.999847"
,NATIONAL SEMICONDCUTOR,,,1177 KERN AVE .,94086,California,,,,Rich's Complete Guide to Silicon Valley,-121.997594,37.382591,"37.382591, -121.997594"
,GCA IC SYSTEMS,,,1050 KIFER RD.,94086,California,,,,Rich's Complete Guide to Silicon Valley,-122.002629,37.373871,"37.373871, -122.002629"
,NATL. SEMICONDUCTOR/TRANSDUCER,,,1050 DUANE AVE.,94086,California,,,,Rich's Complete Guide to Silicon Valley,-121.952363,37.378557,"37.378557, -121.952363"
,APPLIED TECH/ITEK,,,750 ARQUES AVE .,94086,California,,,,Rich's Complete Guide to Silicon Valley,-122.013356,37.380978,"37.380978, -122.013356"
,EATON CORP. / MACRODATA,,,1115 ARQUES AVE.,94086,California,,,,Rich's Complete Guide to Silicon Valley,-121.999848,37.380498,"37.380498, -121.999848"
,TOSHIBA SEMICONDUCTOR USA INC.,,,1220 MIDWAS WAY,94086,California,,,,Rich's Complete Guide to Silicon Valley,-122.023851,37.371042,"37.371042, -122.023851"
,BECTON DICKINSON FACS SYSTEMS,,,470 LAKESIDE DR.,94086,California,,,,Rich's Complete Guide to Silicon Valley,-121.993368,37.382649,"37.382649, -121.993368"
,N.C.A. CORP.,,,1263 OAKMEAD PARKWAY,94086,California,,,,Rich's Complete Guide to Silicon Valley,-121.991082,37.386878,"37.386878, -121.991082"
,CALMA COMPANY,,,527 LAKESIDE DR.,94086,California,,,,Rich's Complete Guide to Silicon Valley,-121.993367,37.385005,"37.385005, -121.993367"
,T.R.W. SYSTEMS,,,460 OAKMEAD PARKWAY,94086,California,,,,Rich's Complete Guide to Silicon Valley,-121.988075,37.382599,"37.382599, -121.988075"
,TYMSHARE INC.,,,10101 BUBB RD.,95014,California,,,,Rich's Complete Guide to Silicon Valley,-122.051182,37.321501,"37.321501, -122.051182"
,APPLE COMPUTER INC.,,,10260 BUBB RD.,95014,California,,,,Rich's Complete Guide to Silicon Valley,-122.049987,37.318845,"37.318845, -122.049987"
,DATA QUEST INC.,,,10340 BUBB RD.,95014,California,,,,Rich's Complete Guide to Silicon Valley,-122.049522,37.317594,"37.317594, -122.049522"
,SANDPIPER,,,21255 STEVENS CREEK BLVD,95014,California,,,,Rich's Complete Guide to Silicon Valley,-122.046197,37.322948,"37.322948, -122.046197"
,APPLE COMPUTER INC .,,,10260 BANDLEY DR.,95014,California,,,,Rich's Complete Guide to Silicon Valley,-122.03432,37.327437,"37.327437, -122.03432"
,FOUR-PHASE SYSTEMS I NC.,,,10500 N. De ANZA BLVD.,95014,California,,,,Rich's Complete Guide to Silicon Valley,-122.032192,37.328867,"37.328867, -122.032192"
,SYVA CO.,,,20400 MARIANI AVE.,95014,California,,,,Rich's Complete Guide to Silicon Valley,-122.029122,37.330532,"37.330532, -122.029122"
,HEWLETT PACKARD,,,11000 WOLFE RD.,95014,California,,,,Rich's Complete Guide to Silicon Valley,-122.014161,37.335921,"37.335921, -122.014161"
,HEWLETT PACKARD,,,19410 HOMESTEAD RD.,95014,California,,,,Rich's Complete Guide to Silicon Valley,-122.011692,37.3377,"37.3377, -122.011692"
,HEWLETT PACKARD,,,19447 PRUNERIDGE AVE.,95014,California,,,,Rich's Complete Guide to Silicon Valley,-122.012036,37.333493,"37.333493, -122.012036"
,HEWLETT PACKARD,,,19310 PRUNERIDGE AVE.,95014,California,,,,Rich's Complete Guide to Silicon Valley,-122.010639,37.332514,"37.332514, -122.010639"
,AMI,,,19050 PRUNERIDGE AVE.,95014,California,,,,Rich's Complete Guide to Silicon Valley,-122.006211,37.332227,"37.332227, -122.006211"
,MEMOREX CORP.,,,18922 FORGE DR.,95014,California,,,,Rich's Complete Guide to Silicon Valley,-122.003261,37.335852,"37.335852, -122.003261"
,ISS SPERRY UNIVAC,,,10501 N. TANTAU AVE.,95014,California,,,,Rich's Complete Guide to Silicon Valley,-122.005853,37.329832,"37.329832, -122.005853"
,AMPEX CORP.,,,10435 N. TANTAU AVE.,95014,California,,,,Rich's Complete Guide to Silicon Valley,-122.005863,37.328925,"37.328925, -122.005863"
,TANDEM COMPUTERS INC.,,,10300 TANTAU AVE.,95014,California,,,,Rich's Complete Guide to Silicon Valley,-122.006288,37.326166,"37.326166, -122.006288"
,TANDEM COMPUTERS INC.,,,19250 PRUNERIDGE AVE.,95014,California,,,,Rich's Complete Guide to Silicon Valley,-122.009469,37.331911,"37.331911, -122.009469"
,MOTHER LODE,,,155 MILLER AVE.,95014,California,,,,Rich's Complete Guide to Silicon Valley,-122.013349,37.31422,"37.31422, -122.013349"
,TEXAS INSTRUMENTS,,,5353 BETSY ROSS DR.,95014,California,,,,Rich's Complete Guide to Silicon Valley,-121.982001,37.408225,"37.408225, -121.982001"
,TRIAD SYSTEMS CORP.,,,5403 BETSY ROSS DR.,95014,California,,,,Rich's Complete Guide to Silicon Valley,-121.982004,37.408885,"37.408885, -121.982004"
,TEKTRONIX INC.,,,3003 BUNKER HILL LN.,95014,California,,,,Rich's Complete Guide to Silicon Valley,-121.982279,37.405716,"37.405716, -121.982279"
,ARTELONICS,,,2952 BUNKER HILL LN.,95014,California,,,,Rich's Complete Guide to Silicon Valley,-121.980423,37.405685,"37.405685, -121.980423"
,SOLECTRON CORP.,,,4598 PATRICK HENRY DR .,95014,California,,,,Rich's Complete Guide to Silicon Valley,-121.985015,37.397887,"37.397887, -121.985015"
,VARIAN - MICROWAVE COMP. DIV.,,,3200 PATRICK HENRY DR.,95014,California,,,,Rich's Complete Guide to Silicon Valley,-121.982957,37.395904,"37.395904, -121.982957"
,XIDEX CORP.,,,3000 PATRICK HENRY DR.,95014,California,,,,Rich's Complete Guide to Silicon Valley,-121.980082,37.395928,"37.395928, -121.980082"
,GOULD INC/BIOMATION DIV.,,,4600 OLD IRONSIDES DR .,95014,California,,,,Rich's Complete Guide to Silicon Valley,-121.979537,37.396334,"37.396334, -121.979537"
,RAYTHEON,,,2540 MISSION COLLEGE BLV.,95050,California,,,,Rich's Complete Guide to Silicon Valley,-121.935679,37.34357,"37.34357, -121.935679"
,APPLICON INC.,,,2540 MISSION COLLEGE BLV.,95050,California,,,,Rich's Complete Guide to Silicon Valley,-121.935679,37.34357,"37.34357, -121.935679"
,EXXON OFFICE SYSTEMS,,,3960 FREEDOM CIRCLE,95054,California,,,,Rich's Complete Guide to Silicon Valley,-121.972124,37.386085,"37.386085, -121.972124"
,NORTHERN TELECOM INC.,,,2305 MISSION COLLEGE BLV.,95050,California,,,,Rich's Complete Guide to Silicon Valley,-121.935679,37.34357,"37.34357, -121.935679"
,NORTHERN TELECOM INC.,,,4101 BURTON DR.,95050,California,,,,Rich's Complete Guide to Silicon Valley,-121.961979,37.391322,"37.391322, -121.961979"
,MEMORY DISC MFG.,,,4255 BURTON DR.,95050,California,,,,Rich's Complete Guide to Silicon Valley,-121.96275,37.389867,"37.389867, -121.96275"
,MEGATEST INC.,,,3940 FREEDOM CIRCLE,95054,California,,,,Rich's Complete Guide to Silicon Valley,-121.97068,37.38597,"37.38597, -121.97068"
,INTEL CORP .,,,3601 JULIETTE LN.,95050,California,,,,Rich's Complete Guide to Silicon Valley,-121.964529,37.384467,"37.384467, -121.964529"
,FISHER SWITCHES INC.,,,3381 EDWARD AVE.,95050,California,,,,Rich's Complete Guide to Silicon Valley,-121.941609,37.385874,"37.385874, -121.941609"
,DIETZGEN,,,3185 DE LaCRUZ BLVD.,95050,California,,,,Rich's Complete Guide to Silicon Valley,-121.940942,37.381489,"37.381489, -121.940942"
,GCA CORP.,,,3570 RYDER ST.,95051,California,,,,Rich's Complete Guide to Silicon Valley,-121.994859,37.376342,"37.376342, -121.994859"
,ZYCON CORP .,,,3445 KIFER RD.,95051,California,,,,Rich's Complete Guide to Silicon Valley,-121.99106,37.374004,"37.374004, -121.99106"
,FAIRCHILD-MICROPROCESSOR DIV.,,,3420 CENTRAL EXP.,95051,California,,,,Rich's Complete Guide to Silicon Valley,-121.991825,37.377572,"37.377572, -121.991825"
,HEWLETT PACKARD-SMC,,,3410 CENTRAL EXP.,95051,California,,,,Rich's Complete Guide to Silicon Valley,-121.991543,37.377572,"37.377572, -121.991543"
,HEWLETT PACKARD,,,1330 KIFER RD.,95051,California,,,,Rich's Complete Guide to Silicon Valley,-121.977829,37.37412,"37.37412, -121.977829"
,STC-COMPUTER RESEARCH,,,3450 CENTRAL EXP.,95051,California,,,,Rich's Complete Guide to Silicon Valley,-121.992671,37.377572,"37.377572, -121.992671"
,STORM PRODUCTS,,,3031 CORVIN DR.,95051,California,,,,Rich's Complete Guide to Silicon Valley,-121.987857,37.376258,"37.376258, -121.987857"
,APPLIED MATERIALS INC.,,,3001 OAKMEAD VILLAGE DR.,95051,California,,,,Rich's Complete Guide to Silicon Valley,-121.980423,37.375959,"37.375959, -121.980423"
,APPLIED MATERIALS INC .,,,3400 CENTRAL EXP.,95051,California,,,,Rich's Complete Guide to Silicon Valley,-121.991261,37.377572,"37.377572, -121.991261"
,APPLIED MATERIALS INC.,,,2940 KIFER RD.,95051,California,,,,Rich's Complete Guide to Silicon Valley,-121.981225,37.374089,"37.374089, -121.981225"
,COMMODORE BUSINESS MACHINES,,,3330 SCOTT BLVD.,95051,California,,,,Rich's Complete Guide to Silicon Valley,-121.980889,37.380471,"37.380471, -121.980889"
,ADVANCED MICRO DEVICES,,,3340 SCOTT BLVD.,95051,California,,,,Rich's Complete Guide to Silicon Valley,-121.981914,37.380387,"37.380387, -121.981914"
,MACHINE TECHNOLOGY WEST INC.,,,3350 SCOTT BLVD . #1503,95051,California,,,,Rich's Complete Guide to Silicon Valley,-121.983924,37.380462,"37.380462, -121.983924"
,BERG ELECTRONICS,,,3375 SCOTT BLVD. #208,95051,California,,,,Rich's Complete Guide to Silicon Valley,-121.984714,37.380594,"37.380594, -121.984714"
,EATON SEMICONDUCTOR,,,3500 GARRETT DR.,95051,California,,,,Rich's Complete Guide to Silicon Valley,-121.985342,37.38221,"37.38221, -121.985342"
,INTEL CORP.,,,3200 LAKESIDE DR.,95051,California,,,,Rich's Complete Guide to Silicon Valley,-121.984329,37.387412,"37.387412, -121.984329"
,INTEL CORP .,,,3000 OAKMEAD VILLAGE CT.,95051,California,,,,Rich's Complete Guide to Silicon Valley,-121.980068,37.375961,"37.375961, -121.980068"
,INTEL CORP.,,,3150 CENTRAL EXP.,95051,California,,,,Rich's Complete Guide to Silicon Valley,-121.985442,37.377607,"37.377607, -121.985442"
,SIGNETICS CORP.,,,1380 KIFER RD.,95051,California,,,,Rich's Complete Guide to Silicon Valley,-121.977829,37.37412,"37.37412, -121.977829"
,SIGNETICS CORP.,,,3600 PETERSON WY.,95051,California,,,,Rich's Complete Guide to Silicon Valley,-121.98415,37.38575,"37.38575, -121.98415"
,MEMOREX CORP.,,,2800 BOWERS AVE.,95051,California,,,,Rich's Complete Guide to Silicon Valley,-121.977402,37.372108,"37.372108, -121.977402"
,DIGITAL EQUIPMENT CORP.,,,2525 AUGUSTINE DR.,95051,California,,,,Rich's Complete Guide to Silicon Valley,-121.973496,37.382366,"37.382366, -121.973496"
,ISD,,,3205 CORONADO DR.,95051,California,,,,Rich's Complete Guide to Silicon Valley,-121.974475,37.378558,"37.378558, -121.974475"
,WANG LABORATORIES,,,3255-3D SCOTT BLVD.,95051,California,,,,Rich's Complete Guide to Silicon Valley,-121.983478,37.346518,"37.346518, -121.983478"
,INTERSIL INC.,,,3250 SCOTT BLVD.,95051,California,,,,Rich's Complete Guide to Silicon Valley,-121.971968,37.379667,"37.379667, -121.971968"
,DOHRMANN-ENVIROTECH,,,3240 SCOTT BLVD.,95051,California,,,,Rich's Complete Guide to Silicon Valley,-121.970644,37.379431,"37.379431, -121.970644"
,ULTRATECH CORP./PHOTOMASK,,,2970 CORONADO DR.,95051,California,,,,Rich's Complete Guide to Silicon Valley,-121.972561,37.37622,"37.37622, -121.972561"
,RICOH OF AMERICA,,,2972 STENDER WY.,95051,California,,,,Rich's Complete Guide to Silicon Valley,-121.97018,37.376405,"37.376405, -121.97018"
,RAPICOM INC.,,,2972 STENDER SY.,95051,California,,,,Rich's Complete Guide to Silicon Valley,-121.983486,37.346526,"37.346526, -121.983486"
,GENRAD INC.,,,2855 BOWERS AVE.,95051,California,,,,Rich's Complete Guide to Silicon Valley,-121.977604,37.373101,"37.373101, -121.977604"
,TANDEM COMPUTERS INC.,,,2450 WALSH AVE.,95051,California,,,,Rich's Complete Guide to Silicon Valley,-121.971037,37.37008,"37.37008, -121.971037"
,TANDEM COMPUTERS INC.,,,3301 OLCOTT ST.,95051,California,,,,Rich's Complete Guide to Silicon Valley,-121.966952,37.380314,"37.380314, -121.966952"
,PRINTEX CORP.,,,2501 WALSH AVE.,95051,California,,,,Rich's Complete Guide to Silicon Valley,-121.973723,37.371288,"37.371288, -121.973723"
,D.M.C.,,,2300 OWEN ST.,95051,California,,,,Rich's Complete Guide to Silicon Valley,-121.966473,37.376075,"37.376075, -121.966473"
,SIERRACIN,,,3010 OLCOTT ST.,95051,California,,,,Rich's Complete Guide to Silicon Valley,-121.96733,37.376503,"37.376503, -121.96733"
,APPLIED MATERIALS INC.,,,2727 AUGUSTINE DR.,95051,California,,,,Rich's Complete Guide to Silicon Valley,-121.976213,37.382354,"37.382354, -121.976213"
,INTEL CORP.,,,2880 NORTHWESTERN PKW.,95051,California,,,,Rich's Complete Guide to Silicon Valley,-121.972041,37.373432,"37.373432, -121.972041"
,VARIAN ASSOCIATES,,,3251 OLCOTT ST.,95051,California,,,,Rich's Complete Guide to Silicon Valley,-121.967275,37.379651,"37.379651, -121.967275"
,GOULD INC.,,,3211-7A SCOTT BLVD.,95051,California,,,,Rich's Complete Guide to Silicon Valley,-121.983478,37.346518,"37.346518, -121.983478"
,AMDAHL,,,2200 LAWSON LN.,95050,California,,,,Rich's Complete Guide to Silicon Valley,-121.963261,37.375198,"37.375198, -121.963261"
,SIGNETICS CORP.,,,2251 LAWSON LN.,95050,California,,,,Rich's Complete Guide to Silicon Valley,-121.963634,37.37603,"37.37603, -121.963634"
,MICRO POWER SYSTEMS,,,3100 ALFRED ST.,95051,California,,,,Rich's Complete Guide to Silicon Valley,-121.958607,37.378248,"37.378248, -121.958607"
,A.M. INTL. INC.,,,1900 DUANE AVE.,95051,California,,,,Rich's Complete Guide to Silicon Valley,-121.959755,37.380483,"37.380483, -121.959755"
,FAIRCHILD-CMOS/LIC,,,3105 ALFRED ST.,95051,California,,,,Rich's Complete Guide to Silicon Valley,-121.958591,37.378312,"37.378312, -121.958591"
,MONOSIL,,,975 COMSTOCK ST.,95051,California,,,,Rich's Complete Guide to Silicon Valley,-121.951259,37.37483,"37.37483, -121.951259"
,ARTRONIK CIRCUITS INC.,,,2750 SCOTT BLVD .,95050,California,,,,Rich's Complete Guide to Silicon Valley,-121.959533,37.369921,"37.369921, -121.959533"
,MEMOREX CORP.,,,2054 MARTIN AVE,95050,California,,,,Rich's Complete Guide to Silicon Valley,-121.960833,37.366247,"37.366247, -121.960833"
,KULICKE &. SOFFA IND.,,,2210 MARTIN AVE .,95050,California,,,,Rich's Complete Guide to Silicon Valley,-121.963426,37.366911,"37.366911, -121.963426"
,FOUR PHASE SYSTEMS INC.,,,2200 MARTH; AVE.,95050,California,,,,Rich's Complete Guide to Silicon Valley,-121.948812,37.345983,"37.345983, -121.948812"
,INTECH INC.,,,2270 MARTIN AVE.,95050,California,,,,Rich's Complete Guide to Silicon Valley,-121.963425,37.367266,"37.367266, -121.963425"
,VARIAN ASSOCIATES,,,3101 SCOTT BLVD .,95050,California,,,,Rich's Complete Guide to Silicon Valley,-121.961966,37.377448,"37.377448, -121.961966"
,GENERAL DEVICES INC.,,,2355 DE LaCRUZ BLVD.,95050,California,,,,Rich's Complete Guide to Silicon Valley,-121.941451,37.364151,"37.364151, -121.941451"
,STANFORD APPLIED ENG.,,,340 MARTIN AVE.,95050,California,,,,Rich's Complete Guide to Silicon Valley,-121.937912,37.363015,"37.363015, -121.937912"
,F.M.C. CORP.,,,1185 COLEMAN AVE.,95050,California,,,,Rich's Complete Guide to Silicon Valley,-121.932819,37.35675,"37.35675, -121.932819"
,COMMODORE BUSINESS MACHINES,,,390 REED ST.,95050,California,,,,Rich's Complete Guide to Silicon Valley,-121.938351,37.360933,"37.360933, -121.938351"
,MEMOREX CORP.,,,1040 DI GULLO AVE.,95050,California,,,,Rich's Complete Guide to Silicon Valley,-121.948812,37.345983,"37.345983, -121.948812"
,MEMOREX CORP.,,,1200 MEMOREX DR. (95052),95050,California,,,,Rich's Complete Guide to Silicon Valley,-121.954093,37.362532,"37.362532, -121.954093"
,MEMOREX CORP.,,,1200 MEMOREX DR. (95052),95050,California,,,,Rich's Complete Guide to Silicon Valley,-121.954093,37.362532,"37.362532, -121.954093"
,MEMOREX CORP.,,,1200 MEMOREX DR . (95052),95050,California,,,,Rich's Complete Guide to Silicon Valley,-121.954093,37.362532,"37.362532, -121.954093"
,NATIONAL CSS INC.,,,1333 LAWRENCE EXP. #350,95051,California,,,,Rich's Complete Guide to Silicon Valley,-121.995899,37.349318,"37.349318, -121.995899"
,HEWLETT PACKARD‚Ä¶GENERAL SYSTEMS,,,5303 STEVENS CREEK BLVD.,95050,California,,,,Rich's Complete Guide to Silicon Valley,-121.996871,37.323076,"37.323076, -121.996871"
,S.R.D. LABS INC.,,,381 McGLINCEY LANE,95008,California,,,,Rich's Complete Guide to Silicon Valley,-121.942492,37.276481,"37.276481, -121.942492"
,SNOWDEN-PENSER/PARK DAVIS CO.,,,1587 DELL AVE.,95008,California,,,,Rich's Complete Guide to Silicon Valley,-121.956695,37.263754,"37.263754, -121.956695"
,G.S. TEMPRESS,,,1510 DELL AVE.,95008,California,,,,Rich's Complete Guide to Silicon Valley,-121.956119,37.264462,"37.264462, -121.956119"
,KENNEDY,,,151 ALBRIGHT WAY,95030,California,,,,Rich's Complete Guide to Silicon Valley,-121.963216,37.2574,"37.2574, -121.963216"
,RAYTEK INC.,,,1201 SHAFFER RD.,95030,California,,,,Rich's Complete Guide to Silicon Valley,-121.982566,37.230053,"37.230053, -121.982566"
,HEWLETT PACKARD,,,350 W. TRIMBLE RD.,95134,California,,,,Rich's Complete Guide to Silicon Valley,-121.933456,37.3833,"37.3833, -121.933456"
,WATKINS-JOHNSON CO.,,,2525 N. 1ST ST.,95131,California,,,,Rich's Complete Guide to Silicon Valley,-121.926143,37.383645,"37.383645, -121.926143"
,KAISER ELECTRONICS,,,2701 ORCHARD PKWY.,95134,California,,,,Rich's Complete Guide to Silicon Valley,-121.933014,37.38619,"37.38619, -121.933014"
,BENSON INC.,,,2694 ORCHARD PKWY.,95134,California,,,,Rich's Complete Guide to Silicon Valley,-121.93286,37.386173,"37.386173, -121.93286"
,APPLE COMPUTER,,,2720 ORCHARD PKWY.,95134,California,,,,Rich's Complete Guide to Silicon Valley,-121.933015,37.386567,"37.386567, -121.933015"
,APPLE COMPUTER,,,3073 N. 1ST ST.,95131,California,,,,Rich's Complete Guide to Silicon Valley,-121.935406,37.396149,"37.396149, -121.935406"
,RAPICOM,,,3001 ORCHARD PKWY.,95134,California,,,,Rich's Complete Guide to Silicon Valley,-121.937463,37.392214,"37.392214, -121.937463"
,LOCKHEED,,,PLUMERIA DR. BLDG. 513,95134,California,,,,Rich's Complete Guide to Silicon Valley,-121.92971,37.392179,"37.392179, -121.92971"
,ATARI,,,2710 N. 1ST ST.,95131,California,,,,Rich's Complete Guide to Silicon Valley,-121.929896,37.389031,"37.389031, -121.929896"
,ACCUTEST,,,2680 N. 1ST ST.,95131,California,,,,Rich's Complete Guide to Silicon Valley,-121.929417,37.388396,"37.388396, -121.929417"
,ROLM CORP.,,,1 RIVER OAKS PLACE,95134,California,,,,Rich's Complete Guide to Silicon Valley,-121.941346,37.401171,"37.401171, -121.941346"
,FAIRCHILD BIPOLAR DIV.,,,1801 McCARTHY BLVD.,95035,California,,,,Rich's Complete Guide to Silicon Valley,-121.914706,37.401472,"37.401472, -121.914706"
,HARRIS MICROWAVE,,,1530 McCARTHY BLVD.,95035,California,,,,Rich's Complete Guide to Silicon Valley,-121.920133,37.4077,"37.4077, -121.920133"
,DIASONICS,,,1545 BARBER LANE,95035,California,,,,Rich's Complete Guide to Silicon Valley,-121.9108,37.407716,"37.407716, -121.9108"
,AVANTEK INC.,,,481 COTTONWOOD DR.,95035,California,,,,Rich's Complete Guide to Silicon Valley,-121.912029,37.40535,"37.40535, -121.912029"
,ATARI,,,790 SYCAMORE DR .,95035,California,,,,Rich's Complete Guide to Silicon Valley,-121.919173,37.40761,"37.40761, -121.919173"
,ATARI,,,715 SYCAMORE DR.,95035,California,,,,Rich's Complete Guide to Silicon Valley,-121.916618,37.408677,"37.408677, -121.916618"
,DATA PRODUCTS,,,2550 ZANKER RD.,95131,California,,,,Rich's Complete Guide to Silicon Valley,-121.923462,37.387611,"37.387611, -121.923462"
,THOR ELECTRONICS,,,430 TRIMBLE RD.,95131,California,,,,Rich's Complete Guide to Silicon Valley,-121.922108,37.390039,"37.390039, -121.922108"
,TAB PRODUCTS,,,2390 ZANKER RD.,95131,California,,,,Rich's Complete Guide to Silicon Valley,-121.922028,37.386359,"37.386359, -121.922028"
,FMC CORP.,,,245 CHARCOT AVE.,95131,California,,,,Rich's Complete Guide to Silicon Valley,-121.918085,37.380458,"37.380458, -121.918085"
,INTEL CORP.,,,1766 JUNCTION AVE.,95112,California,,,,Rich's Complete Guide to Silicon Valley,-121.906532,37.377319,"37.377319, -121.906532"
,FMC CORP.,,,1830 BERING DR.,95112,California,,,,Rich's Complete Guide to Silicon Valley,-121.911912,37.373148,"37.373148, -121.911912"
,SOLECTRON CORP.,,,2001 FORTUNE DR.,95131,California,,,,Rich's Complete Guide to Silicon Valley,-121.893318,37.401043,"37.401043, -121.893318"
,GOULD DeA ZA IM‚Ä¶ & GRAPHICS,,,1870 LUNDY AVE.,95131,California,,,,Rich's Complete Guide to Silicon Valley,-121.889915,37.392046,"37.392046, -121.889915"
,FEDERAL PACIFIC ELEC. CO.,,,1200 PIPER DR .,95035,California,,,,Rich's Complete Guide to Silicon Valley,-121.891463,37.411462,"37.411462, -121.891463"
,ACTIVISION,,,240 MILPITAS BLVD.,95035,California,,,,Rich's Complete Guide to Silicon Valley,-121.897037,37.429291,"37.429291, -121.897037"
,FMC CORP.,,,1115 COLEMAN AVE.,95110,California,,,,Rich's Complete Guide to Silicon Valley,-121.923709,37.352274,"37.352274, -121.923709"
,CDI CORP.,,,50 W. BROKAW RD.,95110,California,,,,Rich's Complete Guide to Silicon Valley,-121.901914,37.338251,"37.338251, -121.901914"
,THOMAS AND BETTS CO.,,,1762 TECHNOLOGY DR.,95110,California,,,,Rich's Complete Guide to Silicon Valley,-121.919839,37.369073,"37.369073, -121.919839"
,MOSTEK CORP.,,,1762 TECHNOLOGY DR. #126,95110,California,,,,Rich's Complete Guide to Silicon Valley,-121.919839,37.369073,"37.369073, -121.919839"
,MOORE SYSTEMS INC.,,,1730 TECHNOLOGY DR.,95110,California,,,,Rich's Complete Guide to Silicon Valley,-121.917374,37.365735,"37.365735, -121.917374"
,FAIRCHILD TEST SYS. GROUP,,,1725 TECHNOLOGY DR.,95110,California,,,,Rich's Complete Guide to Silicon Valley,-121.916893,37.365079,"37.365079, -121.916893"
,FAIRCHILD CAMER‚Ä¶ AND INSTRUMENT,,,1601 TECHNOLOGY DR.,95110,California,,,,Rich's Complete Guide to Silicon Valley,-121.91579,37.36429,"37.36429, -121.91579"
,IBM CORP.,,,50 W. BROKAW RD.,95110,California,,,,Rich's Complete Guide to Silicon Valley,-121.901914,37.338251,"37.338251, -121.901914"
,IBM CORP.,,,40 W. BROKAW RD.,95110,California,,,,Rich's Complete Guide to Silicon Valley,-121.901914,37.338251,"37.338251, -121.901914"
,CAELUS MEMORIES INC.,,,1015 TIMOTHY DR.,95133,California,,,,Rich's Complete Guide to Silicon Valley,-121.880721,37.363902,"37.363902, -121.880721"
,SPERRY UNIVAC,,,967 MABORY RD.,95133,California,,,,Rich's Complete Guide to Silicon Valley,-121.88084,37.362099,"37.362099, -121.88084"
,PURPLE HEARTS VETERANS REHAB.,,,735 COLEMAN AVE.(95110),95110,California,,,,Rich's Complete Guide to Silicon Valley,-121.91185,37.343191,"37.343191, -121.91185"
,WELLS FARGO ALARM SERVICE,,,466 VENDOME ST. (95110,95110,California,,,,Rich's Complete Guide to Silicon Valley,-121.903391,37.341371,"37.341371, -121.903391"
,HOLIDAY INN,,,282 ALMADEN BLVD.,95126,California,,,,Rich's Complete Guide to Silicon Valley,-121.891513,37.329775,"37.329775, -121.891513"
,HOTEL SAINTE CLAIRE,,,302 S. MARKET ST.,95126,California,,,,Rich's Complete Guide to Silicon Valley,-121.88807,37.330661,"37.330661, -121.88807"
,PLATEAU 7,,,777 N. 1 ST ST.,95126,California,,,,Rich's Complete Guide to Silicon Valley,-121.884247,37.324059,"37.324059, -121.884247"
,PINEHURST INN RESTAURANT,,,1520 THE ALAMEDA,95126,California,,,,Rich's Complete Guide to Silicon Valley,-121.915388,37.334394,"37.334394, -121.915388"
,INMAC,,,911 McLAUGHLIN AVE.,95122,California,,,,Rich's Complete Guide to Silicon Valley,-121.856571,37.335641,"37.335641, -121.856571"
,GENERAL ELECTRIC CO.,,,2155 S. 1ST ST.,95112,California,,,,Rich's Complete Guide to Silicon Valley,-121.873859,37.31644,"37.31644, -121.873859"
,IBM CORP.,,,6331 SAN IGNACIO AVE.,95119,California,,,,Rich's Complete Guide to Silicon Valley,-121.78142,37.237403,"37.237403, -121.78142"
,IBM CORP.,,,151 MARTINVALE LANE,95119,California,,,,Rich's Complete Guide to Silicon Valley,-121.778458,37.229792,"37.229792, -121.778458"
,IBM CORP.,,,7071 REALM DR.,95119,California,,,,Rich's Complete Guide to Silicon Valley,-121.776471,37.229188,"37.229188, -121.776471"
,IBM CORP.,,,6951 VIA DEL ORO,95119,California,,,,Rich's Complete Guide to Silicon Valley,-121.775542,37.2304,"37.2304, -121.775542"
,EXSIL,,,6540 VIA DEL ORO,95119,California,,,,Rich's Complete Guide to Silicon Valley,-121.785671,37.236466,"37.236466, -121.785671"
,MAGNEX CORP.,,,6541 VIA DEL ORO,95119,California,,,,Rich's Complete Guide to Silicon Valley,-121.786026,37.236653,"37.236653, -121.786026"
,FAIRCHILD (SEMI‚Ä¶ONDUCTOR BLDG.),,,101 BERNAL RD.,95119,California,,,,Rich's Complete Guide to Silicon Valley,-121.773443,37.230657,"37.230657, -121.773443"
,FMC CORP.,,,1115 COLEMAN AVE.,95110,California,,,,Rich's Complete Guide to Silicon Valley,-121.923709,37.352274,"37.352274, -121.923709"
,CDI CORP.,,,50 W. BROKAW RD.,95110,California,,,,Rich's Complete Guide to Silicon Valley,-121.901914,37.338251,"37.338251, -121.901914"
,THOMAS AND BETTS CO.,,,1762 TECHNOLOGY DR.,95110,California,,,,Rich's Complete Guide to Silicon Valley,-121.919839,37.369073,"37.369073, -121.919839"
,MOSTEK CORP.,,,1762 TECHNOLOGY DR. #126,95110,California,,,,Rich's Complete Guide to Silicon Valley,-121.919839,37.369073,"37.369073, -121.919839"
,MOORE SYSTEMS INC.,,,1730 TECHNOLOGY DR.,95110,California,,,,Rich's Complete Guide to Silicon Valley,-121.917374,37.365735,"37.365735, -121.917374"
,FAIRCHILD TEST SYS. GROUP,,,1725 TECHNOLOGY DR.,95110,California,,,,Rich's Complete Guide to Silicon Valley,-121.916893,37.365079,"37.365079, -121.916893"
,FAIRCHILD CAMER‚Ä¶ AND INSTRUMENT,,,1601 TECHNOLOGY DR.,95110,California,,,,Rich's Complete Guide to Silicon Valley,-121.91579,37.36429,"37.36429, -121.91579"
,IBM CORP.,,,50 W. BROKAW RD.,95110,California,,,,Rich's Complete Guide to Silicon Valley,-121.901914,37.338251,"37.338251, -121.901914"
,IBM CORP.,,,40 W. BROKAW RD.,95110,California,,,,Rich's Complete Guide to Silicon Valley,-121.901914,37.338251,"37.338251, -121.901914"
,CAELUS MEMORIES INC.,,,1015 TIMOTHY DR.,95133,California,,,,Rich's Complete Guide to Silicon Valley,-121.880721,37.363902,"37.363902, -121.880721"
,SPERRY UNIVAC,,,967 MABORY RD.,95133,California,,,,Rich's Complete Guide to Silicon Valley,-121.88084,37.362099,"37.362099, -121.88084"
,PURPLE HEARTS VETERANS REHAB.,,,735 COLEMAN AVE.(95110),95110,California,,,,Rich's Complete Guide to Silicon Valley,-121.91185,37.343191,"37.343191, -121.91185"
,WELLS FARGO ALARM SERVICE,,,466 VENDOME ST. (95110,95110,California,,,,Rich's Complete Guide to Silicon Valley,-121.903391,37.341371,"37.341371, -121.903391"
,HOLIDAY INN,,,282 ALMADEN BLVD.,95126,California,,,,Rich's Complete Guide to Silicon Valley,-121.891513,37.329775,"37.329775, -121.891513"
,HOTEL SAINTE CLAIRE,,,302 S. MARKET ST.,95126,California,,,,Rich's Complete Guide to Silicon Valley,-121.88807,37.330661,"37.330661, -121.88807"
,PLATEAU 7,,,777 N. 1 ST ST.,95126,California,,,,Rich's Complete Guide to Silicon Valley,-121.884247,37.324059,"37.324059, -121.884247"
,PINEHURST INN RESTAURANT,,,1520 THE ALAMEDA,95126,California,,,,Rich's Complete Guide to Silicon Valley,-121.915388,37.334394,"37.334394, -121.915388"
,INMAC,,,911 McLAUGHLIN AVE.,95122,California,,,,Rich's Complete Guide to Silicon Valley,-121.856571,37.335641,"37.335641, -121.856571"
,GENERAL ELECTRIC CO.,,,2155 S. 1ST ST.,95112,California,,,,Rich's Complete Guide to Silicon Valley,-121.873859,37.31644,"37.31644, -121.873859"
,IBM CORP.,,,6331 SAN IGNACIO AVE.,95119,California,,,,Rich's Complete Guide to Silicon Valley,-121.78142,37.237403,"37.237403, -121.78142"
,IBM CORP.,,,151 MARTINVALE LANE,95119,California,,,,Rich's Complete Guide to Silicon Valley,-121.778458,37.229792,"37.229792, -121.778458"
,IBM CORP.,,,7071 REALM DR.,95119,California,,,,Rich's Complete Guide to Silicon Valley,-121.776471,37.229188,"37.229188, -121.776471"
,IBM CORP.,,,6951 VIA DEL ORO,95119,California,,,,Rich's Complete Guide to Silicon Valley,-121.775542,37.2304,"37.2304, -121.775542"
,EXSIL,,,6540 VIA DEL ORO,95119,California,,,,Rich's Complete Guide to Silicon Valley,-121.785671,37.236466,"37.236466, -121.785671"
,MAGNEX CORP.,,,6541 VIA DEL ORO,95119,California,,,,Rich's Complete Guide to Silicon Valley,-121.786026,37.236653,"37.236653, -121.786026"
,FAIRCHILD (SEMI‚Ä¶ONDUCTOR BLDG.),,,101 BERNAL RD.,95119,California,,,,Rich's Complete Guide to Silicon Valley,-121.773443,37.230657,"37.230657, -121.773443"
,Intel (Santa Clara),,,,,California,1957,,chip manufacturing,"Dodds and Wollner, *The Silicon Frontier*, p. 59.",,,
,National Semiconductor,,,,,California,,,chip manufacturing,,,,
,Advanced Micro Devices,,,,,California,,,chip manufacturing,,,,
,LSI Logic,,,,,California,,,chip manufacturing,,,,
,Anthem Electronics,,,,,California,,,chip manufacturing,,,,
,Chips and Technologies,,,,,California,,,chip manufacturing,,,,
,Cypress Semiconductor,,,,,California,,,chip manufacturing,,,,
,Silicon Systems,,,,,California,,,chip manufacturing,,,,
,Xicor,,,,,California,,,chip manufacturing,,,,
,Microsemi,,,,,California,,,chip manufacturing,,,,
,Western Microtech Inc.,,,,,California,,,chip manufacturing,,,,
,Linear Technology,,,,,California,,,chip manufacturing,,,,
,Hewlett-Packard,,,,,California,,,hardware manufacturing,,,,
,Apple Computers,,,,,California,,,hardware manufacturing,,,,
,Amdahl,,,,,California,,,hardware manufacturing,,,,
,Tandem Computers,,,,,California,,,hardware manufacturing,,,,
,Seagate Technology,,,,,California,,,hardware manufacturing,,,,
,Wyse Technology,,,,,California,,,hardware manufacturing,,,,
,AST Research,,,,,California,,,hardware manufacturing,,,,
,Micropolis Corp,,,,,California,,,hardware manufacturing,,,,
,Tandon Corp,,,,,California,,,hardware manufacturing,,,,
,Applied Magnetics,,,,,California,,,hardware manufacturing,,,,
,Everex Systems,,,,,California,,,hardware manufacturing,,,,
,Conner Peripherals,,,,,California,,,hardware manufacturing,,,,
,Micro D Inc,,,,,California,,,software,,,,
,Ashton-Tate,,,,,California,,,software,,,,
,Informix,,,,,California,,,software,,,,
,Telos Corp,,,,,California,,,software,,,,
,Adobe,,,,,California,,,software,,,,
,Borland International,,,,,California,,,software,,,,
,Autodesk,,,,,California,,,software,,,,
,Software Publishing,,,,,California,,,software,,,,
,Boole and Babbage,,,,,California,,,software,,,,
,Micropro International Corp,,,,,California,,,software,,,,
,MacNeal-Schwendler,,,,,California,,,software,,,,
,Broderbund Software,,,,,California,,,software,,,,
,Computerland,,,,,California,,,distribution,,,,
,Businessland,,,,,California,,,distribution,,,,
,Softsel Computer Products,,,,,California,,,distribution,,,,
,Microsoft,,,,,Washington,,,software,,,,
,Tektronix,,,,,Oregon,,,,,,,
,Electro Scientific Industries,,,,,Oregon,,,,,,,
,Floating Point Systems,,,,,Oregon,,,,,,,
,Intel (Aloha),,,,,Oregon,1974,,chip manufacturing,"Dodds and Wollner, *The Silicon Frontier*, p. 61.",,,
,Flight Dynamics,,,,,Oregon,1977,,hardware manufacturing,"Dodds and Wollner, *The Silicon Frontier*, p. 64.",,,
,Mentor Graphics,,,,,Oregon,1981,,hardware manufacturing,"Dodds and Wollner, *The Silicon Frontier*, p. 66.",,,
,Metheus Corporation,,,,,Oregon,1981,,software,"Dodds and Wollner, *The Silicon Frontier*, p. 73.",,,
,Planar Systems,,,,,Oregon,1983,,hardware manufacturing,"Dodds and Wollner, *The Silicon Frontier*, p. 71.",,,
,Lattice International,,,,,Oregon,1983,,chip manufacturing,,,,
,Epson,,,,,Oregon,,,,,,,
,Fujitsu,,,,,Oregon,,,hardware manufacturing,,,,
,Advanced Transformer Co,,,"303 Portage Ave, Palo Alto, CA",,California,,,,Palo Alto City Directory 1956,,,
,Electrical Materials Corp,,,"810 San Antonio Rd, Palo Alto, CA",,California,,,,,,,
,Fairchild Semiconductor Corp,,,"884 Charleston Rd, Palo Alto, CA",,California,,,,,,,
,Ferro-Magnetics,,,"989 Commercial, Palo Alto, CA",,,,,electrical manufacturing,,,,
,General Electric Ordnance Department,,,"2443 Ash Rim, Palo Alto, CA",,,,,electrical manufacturing,,,,
,Kaiser Aircraft and Electronics Corp,,,"850 San Antonio Road, Palo Alto, CA",,,,,electrical manufacturing,,,,
,Preformed Line Products,,,"600 Hansen Way, Palo Alto, CA",,,,,electrical manufacturing,,-122.139436074612,37.4201235,"37.4201235, -122.139436074612"
,Alfred Electronics,,,"895 Commercial, Palo Alto, CA",,,,,,,-122.1005801,37.4228106,"37.4228106, -122.1005801"
,Allen Electronic Corp,,,"937 Industrial, Palo Alo, CA",,,,,,,,,
,Alpar Manufacturing Corp,,,"220 Demelter, Palo Alto, CA",,,,,,,,,
,Ampex Corp,,,"301 Town and Country Village, Palo Alto, CA",,,,,,,,,
,Amseo Electronics,,,"4007 Transport, Palo Alto, CA",,,,,,,-122.100021263815,37.4261795,"37.4261795, -122.100021263815"
,Associated Radio Distributors,,,"459 California Ave, Palo Alto, CA",,,,,,,-122.1452046,37.4256122,"37.4256122, -122.1452046"
,Beckman Instruments Inc Systems,,,"256 Town and Country Village, Palo Alto, CA",,,,,,,,,
,Brand William Electronic Components Inc,,,"535 Middlefield Road, Palo Alto, CA",,,,,,,-122.1362592,37.4377862,"37.4377862, -122.1362592"
,Collins Electronics Sales Inc,,,"53 Middlefield Road, Palo Alto, CA",,,,,,,-122.1362592,37.4377862,"37.4377862, -122.1362592"
,Components for Research Inc,,,"979 Commercial Road, Palo Alto, CA",,,,,,,,,
,Consolidated Vacuum Corp,,,"4015 Fabian Way, Palo Alto, CA",,,,,,,-122.1042399,37.4258394,"37.4258394, -122.1042399"
,Coopertronix ,,,"809 San Antonio, Palo Alto, CA",,,,,,,,,
,Corbin-Farnsworth Inc,,,"440 Page Mill Road, Palo Alto, CA",,,,,,,-122.141250300603,37.423860149296,"37.423860149296, -122.141250300603"
,Cornell-Dubiliar,,,"553 Cowper, Palo Alto, CA",,,,,,,-122.1585216915,37.4479985456265,"37.4479985456265, -122.1585216915"
,Data Control Systems Inc,,,"535 Middlefield Road, Palo Alto, CA",,,,,,,-122.1362592,37.4377862,"37.4377862, -122.1362592"
,Delcon Corp,,,"943 Industrial, Palo Alto, CA",,,,,,,-122.0990143,37.423557,"37.423557, -122.0990143"
,Dymec,,,"395 Page Mill Road, Palo Alto, CA",,,,,,,-122.1393686,37.4257063,"37.4257063, -122.1393686"
,Echo Corp,,,"809 San Antonio Road, Palo Alto, CA",,,,,,,-122.1022081,37.4206677,"37.4206677, -122.1022081"
,Electronic Motive Manufacturing Company,,,"535 Middlefield Road, Palo Alto, CA",,,,,,,-122.1362592,37.4377862,"37.4377862, -122.1362592"
,FXR Inc,,,"701 Welch Road, Palo Alto, CA",,,,,,,-122.172683,37.436904,"37.436904, -122.172683"
,Fairchild Semiconductor Corp,,,"378 Cambridge Road, Palo Alto, CA",,,,,,,,,
,Farnsworth Electronic Co,,,"815 San Antonio Road, Palo Alto, CA",,,,,,,-122.102380297532,37.420688,"37.420688, -122.102380297532"
,Filtron Co,,,"926 Industrial, Palo Alto, CA",,,,,,,-122.0980412,37.4228683,"37.4228683, -122.0980412"
,General Capacitor Co,,,"755 Loma Verde Ave, Palo Alto, CA",,,,,,,-122.1222506,37.4305506,"37.4305506, -122.1222506"
,General Electric Atomic Products Division,,,"701 University Ave, Palo Alto, CA",,,,,,,-122.156775,37.450858,"37.450858, -122.156775"
,General Electric Powertabe and Microwave Department,,,"601 California Ave, Palo Alto, CA",,,,,,,-122.1430031,37.4285379,"37.4285379, -122.1430031"
,Gianni Controls Corp,,,"271 Town & Country Road, Palo Alto, CA",,,,,,,1.8774979,7.7227067,"7.7227067, 1.8774979"
,Granger Associates,,,"974 Commercial, Palo Alto, CA",,,,,,,-122.0996485,37.424214,"37.424214, -122.0996485"
,Hamilton Electro Sales,,,"882 Emerson, Palo Alto, CA",,,,,,,-122.158311780198,37.4415430278231,"37.4415430278231, -122.158311780198"
,Hughes Aircraft Co Semiconductor Division,,,"535 Middlefield Road, Palo Alto, CA",,,,,,,-122.1362592,37.4377862,"37.4377862, -122.1362592"
,Iconix Inc,,,"945 Industrial, Palo Alto, CA",,,,,,,-122.099004236979,37.423523,"37.423523, -122.099004236979"
,Johnson Red Electronics,,,"3311 Park Blvd, Palo Alto, CA",,,,,,,,,
,Kaiser Aircraft and Electronics Corp,,,"850 San Antonio Road, Palo Alto, CA",,,,,,,,,
,Kane Engineering Laboratories,,,"845 Commercial, Palo Alto, CA",,,,,,,-122.100622497358,37.422195,"37.422195, -122.100622497358"
,Kearfott Co Inc,,,"991 Commercial, Palo Alto, CA",,,,,,,-122.100223411729,37.42496,"37.42496, -122.100223411729"
,Knapic Electro-Physics Inc,,,"936 Industrial, Palo Alto, CA",,,,,,,-122.098342010349,37.4232,"37.4232, -122.098342010349"
,Kollsman Instrument Corp,,,"800 Welch Road, Palo Alto, CA",,,,,,,-122.177263446286,37.437235,"37.437235, -122.177263446286"
,Leach Corp,,,"814 San Antonio Road, Palo Alto, CA",,,,,,,-122.101438042331,37.4206715,"37.4206715, -122.101438042331"
,Liberty Flight Electronics Corp,,,"2443 Ash Road, Palo Alto, CA",,,,,,,,,
,Magnetic Industries Inc,,,"931 Commercial, Palo Alto, CA",,,,,,,-122.1004541,37.4233959,"37.4233959, -122.1004541"
,Mandrel Industries Inc,,,"800 Welch Road, Palo Alto, CA",,,,,,,-122.177263446286,37.437235,"37.437235, -122.177263446286"
,Mardix ,,,"2115 El Camino Real, Palo Alto, CA",,,,,,,-122.1714662,37.4467864,"37.4467864, -122.1714662"
,Marine Electronics,,,"720 La Para, Palo Alto, CA",,,,,,,-122.1323506,37.4130555,"37.4130555, -122.1323506"
,Master Wholesale Electronics,,,"136 Hamilton, Palo Alto, CA",,,,,,,-122.162217503035,37.4430374565938,"37.4430374565938, -122.162217503035"
,McGraw-Edison Co,,,"936 Commercial, Palo Alto, CA",,,,,,,-122.099703912146,37.423457,"37.423457, -122.099703912146"
,Micro Magnetic Industry,,,"180 Walter Hays, Palo Alto, CA",,,,,,,,,
,Microwave Electronics Corp,,,"4061 Transport, Palo Alto, CA",,,,,,,-122.098839,37.4250419,"37.4250419, -122.098839"
,National Research Corporation,,,"941 Charleston Road, Palo Alto, CA",,,,,,,,,
,National Semiconductor Corp,,,"201 Town & Country Village, Palo Alto, CA",,,,,,,1.8774979,7.7227067,"7.7227067, 1.8774979"
,Nickerson-Gray & Associates Inc,,,"2434 Park Blvd, Palo Alto, CA",,,,,,,,,
,Osborne Electronics Sales Corp,,,"535 Middlefield Road, Palo Alto, CA",,,,,,,-122.1362592,37.4377862,"37.4377862, -122.1362592"
,Pacific Electro-Magnetic Co,,,"940 Commercial, Palo Alto, CA",,,,,,,-122.0997117,37.4235725,"37.4235725, -122.0997117"
,Pacific International Electronics Inc,,,"535 Ramona, Palo Alto, CA",,,,,,,-122.1615312,37.4449789,"37.4449789, -122.1615312"
,Palomar Scientific Corp,,,"4039 Transport, Palo Alto, CA",,,,,,,-122.0994887,37.4256912,"37.4256912, -122.0994887"
,Pearson Electronics Inc,,,"707 Urban, Palo Alto, CA",,,,,,,-122.161649106516,37.4411033472099,"37.4411033472099, -122.161649106516"
,Pek Labs,,,"4024 Transport, Palo Alto, CA",,,,,,,-122.1004421,37.4255328,"37.4255328, -122.1004421"
,Peninsula Electronic Supply,,,"3860 El Camino Real, Palo Alto, CA",,,,,,,-122.1714662,37.4467864,"37.4467864, -122.1714662"
,Perlmuth Electronic Associates,,,"941 Charleston Road, Palo Alto, CA",,,,,,,,,
,Philco Corp,,,"3875 Fabian Way, Palo Alto, CA",,,,,,,-122.102457572274,37.4256845,"37.4256845, -122.102457572274"
,R S Electronic Corp,,,"435 Portage Ave, Palo Alto, CA",,,,,,,-122.137390733413,37.421843,"37.421843, -122.137390733413"
,Silectro Co,,,"4043 Transport, Palo Alto, CA",,,,,,,-122.0993679,37.4255394,"37.4255394, -122.0993679"
,Stone Associates Inc,,,"825 San Antonio Road, Palo Alto, CA",,,,,,,-122.101455,37.4232759,"37.4232759, -122.101455"
,Tech Ser Inc,,,"640 Donohoe, Palo Alto, CA",,,,,,,-122.1395072,37.4624938,"37.4624938, -122.1395072"
,Technicraft Engineering Corp,,,"809 San Antonio Road, Palo Alto, CA",,,,,,,-122.1022081,37.4206677,"37.4206677, -122.1022081"
,Texas Instruments,,,"317 Town & Country, Palo Alto, CA",,,,,,,1.8774979,7.7227067,"7.7227067, 1.8774979"
,Trans Dynamics Inc,,,"44 Encina Ave, Palo Alto, CA",,,,,,,-122.160483898864,37.4390781818944,"37.4390781818944, -122.160483898864"
,Transition Electronic Corp,,,"535 Middlefield Road, Palo Alto, CA",,,,,,,-122.1362592,37.4377862,"37.4377862, -122.1362592"
,Varian Associates,,,"2185 Park Blvd, Palo Alto, CA",,,,,,,,,
,Weatherford RVCs,,,"444 Page Mill Road, Palo Alto, CA",,,,,,,-122.141295279864,37.4238076734917,"37.4238076734917, -122.141295279864"
,Willfrom Co,,,"717 Loma Verde Ave, Palo Alto, CA",,,,,,,-122.1303844,37.4235164,"37.4235164, -122.1303844"
